
CREATE TABLE install_orders (
    af_install_time_d TEXT,
    af_country_code TEXT,
    uid TEXT,
    af_device_id TEXT,
    primaryorderid_fill TEXT,
    ordertype TEXT,
    orderdate TEXT
);

INSERT INTO install_orders (af_install_time_d, af_country_code, uid, af_device_id, primaryorderid_fill, ordertype, orderdate) VALUES ('2025-01-01 00:00:00', 'br', '_tibr1jlq84wr36v1', '36F18565-CC55-4B23-883C-812BB874C490', '1207301583006830', 'H', '2025-01-29 00:00:00');
INSERT INTO install_orders (af_install_time_d, af_country_code, uid, af_device_id, primaryorderid_fill, ordertype, orderdate) VALUES ('2025-01-01 00:00:00', 'br', '_tibr1jlfpfq0cvm1', '94E3A678-3C9D-4E29-A5E8-61BC5CECE2A3', '1207301152618360', 'F', '2025-01-02 00:00:00');
INSERT INTO install_orders (af_install_time_d, af_country_code, uid, af_device_id, primaryorderid_fill, ordertype, orderdate) VALUES ('2025-01-01 00:00:00', 'br', '_tiph150oo1i4lma9', '62470C86C35DE26C', '1521761674494120', 'F', '2025-01-09 00:00:00');
INSERT INTO install_orders (af_install_time_d, af_country_code, uid, af_device_id, primaryorderid_fill, ordertype, orderdate) VALUES ('2025-01-01 00:00:00', 'br', '_tibr1jk75q2mb90p', '9675D7E6FA4C9302', '1207301145421530', 'F', '2025-01-01 00:00:00');
INSERT INTO install_orders (af_install_time_d, af_country_code, uid, af_device_id, primaryorderid_fill, ordertype, orderdate) VALUES ('2025-01-01 00:00:00', 'br', '_tsca7dt19rhqywb', '56F39406-6DA6-45EB-9EFA-11ECBDCB7DD8', '1227092361204760', 'F', '2025-01-01 00:00:00');
INSERT INTO install_orders (af_install_time_d, af_country_code, uid, af_device_id, primaryorderid_fill, ordertype, orderdate) VALUES ('2025-01-01 00:00:00', 'br', '_tibr1jlfpfq0cvm1', '94E3A678-3C9D-4E29-A5E8-61BC5CECE2A3', '1207301239895090', 'F', '2025-01-05 00:00:00');
INSERT INTO install_orders (af_install_time_d, af_country_code, uid, af_device_id, primaryorderid_fill, ordertype, orderdate) VALUES ('2025-01-01 00:00:00', 'br', '_tiph150oo1i4lma9', '62470C86C35DE26C', '1521761571906500', 'H', '2025-01-10 00:00:00');
INSERT INTO install_orders (af_install_time_d, af_country_code, uid, af_device_id, primaryorderid_fill, ordertype, orderdate) VALUES ('2025-01-01 00:00:00', 'br', '_tibr1jlj12t7gcxk', 'AB7F4F12-179D-4EC7-B992-1DF261AFD4F0', NULL, NULL, NULL);
INSERT INTO install_orders (af_install_time_d, af_country_code, uid, af_device_id, primaryorderid_fill, ordertype, orderdate) VALUES ('2025-01-01 00:00:00', 'br', '_tibr1jlq5p8wmqnv', '1DC2F75AA96A7D75', '1207301227671580', 'F', '2025-01-04 00:00:00');
INSERT INTO install_orders (af_install_time_d, af_country_code, uid, af_device_id, primaryorderid_fill, ordertype, orderdate) VALUES ('2025-01-01 00:00:00', 'br', '_tibr1kerumzqk5sx', '143EE7FDBD1C4EE2', '1207301704463640', 'F', '2025-01-27 00:00:00');
INSERT INTO install_orders (af_install_time_d, af_country_code, uid, af_device_id, primaryorderid_fill, ordertype, orderdate) VALUES ('2025-01-01 00:00:00', 'br', '_tibr1jlnudemsai6', '44CF6DE189AB7FA6', '1207301065534800', 'H', '2025-01-02 00:00:00');
INSERT INTO install_orders (af_install_time_d, af_country_code, uid, af_device_id, primaryorderid_fill, ordertype, orderdate) VALUES ('2025-01-01 00:00:00', 'br', '_tibr1jkj7it4uy2z', '76698799DDB83A89', '1207301181452380', 'H', '2025-01-07 00:00:00');
INSERT INTO install_orders (af_install_time_d, af_country_code, uid, af_device_id, primaryorderid_fill, ordertype, orderdate) VALUES ('2025-01-01 00:00:00', 'br', '_tibr1jjzpbte3rjr', 'E642DE21-5DB8-404B-89F6-97779B8973DD', NULL, NULL, NULL);
INSERT INTO install_orders (af_install_time_d, af_country_code, uid, af_device_id, primaryorderid_fill, ordertype, orderdate) VALUES ('2025-01-01 00:00:00', 'br', '_tibr1jk84zcc5dlq', 'ABED11A51E0E1F81', NULL, NULL, NULL);
INSERT INTO install_orders (af_install_time_d, af_country_code, uid, af_device_id, primaryorderid_fill, ordertype, orderdate) VALUES ('2025-01-01 00:00:00', 'br', '_tibr19ux2x4p6jcr', 'D8D978BD8EDE5C47', '1207301146488210', 'F', '2025-01-01 00:00:00');
INSERT INTO install_orders (af_install_time_d, af_country_code, uid, af_device_id, primaryorderid_fill, ordertype, orderdate) VALUES ('2025-01-01 00:00:00', 'br', '_tsca7dt19rhqywb', '56F39406-6DA6-45EB-9EFA-11ECBDCB7DD8', '1227092451552990', 'F', '2025-01-06 00:00:00');
INSERT INTO install_orders (af_install_time_d, af_country_code, uid, af_device_id, primaryorderid_fill, ordertype, orderdate) VALUES ('2025-01-01 00:00:00', 'br', 'd3189973130', '1272DA6F501FE030', '1401914677946880', 'H', '2025-01-04 00:00:00');
INSERT INTO install_orders (af_install_time_d, af_country_code, uid, af_device_id, primaryorderid_fill, ordertype, orderdate) VALUES ('2025-01-01 00:00:00', 'br', '_tibr1jkfofif04yj', 'D954EE97-9DF2-4D99-B46D-C8FDC86D4311', NULL, NULL, NULL);
INSERT INTO install_orders (af_install_time_d, af_country_code, uid, af_device_id, primaryorderid_fill, ordertype, orderdate) VALUES ('2025-01-01 00:00:00', 'br', '_tibr1jlq84wr36v1', '36F18565-CC55-4B23-883C-812BB874C490', '1207301521692960', 'H', '2025-01-26 00:00:00');
INSERT INTO install_orders (af_install_time_d, af_country_code, uid, af_device_id, primaryorderid_fill, ordertype, orderdate) VALUES ('2025-01-01 00:00:00', 'br', '_tibr1jhaa4ydx2k7', '5563DEA1-4B89-4189-A474-0CD2ABD06388', '1208400576819780', 'H', '2025-01-01 00:00:00');
INSERT INTO install_orders (af_install_time_d, af_country_code, uid, af_device_id, primaryorderid_fill, ordertype, orderdate) VALUES ('2025-01-01 00:00:00', 'br', '_tibr1jlg6o81tue4', '9233753B7C49EC2E', '1207301109718140', 'H', '2025-01-03 00:00:00');
INSERT INTO install_orders (af_install_time_d, af_country_code, uid, af_device_id, primaryorderid_fill, ordertype, orderdate) VALUES ('2025-01-01 00:00:00', 'br', '_tibr1jk3oi5pckmk', '41E9A148-E458-4C29-8744-10D6D6444292', '1207301145076020', 'F', '2025-01-01 00:00:00');
INSERT INTO install_orders (af_install_time_d, af_country_code, uid, af_device_id, primaryorderid_fill, ordertype, orderdate) VALUES ('2025-01-01 00:00:00', 'br', '_tibr1jkirvqccsoz', 'BDFEA5559C6FCC05', '1208400575086260', 'H', '2025-01-01 00:00:00');
INSERT INTO install_orders (af_install_time_d, af_country_code, uid, af_device_id, primaryorderid_fill, ordertype, orderdate) VALUES ('2025-01-01 00:00:00', 'br', '_tibr1jlq84wr36v1', '36F18565-CC55-4B23-883C-812BB874C490', '1207301054466610', 'T', '2025-01-26 00:00:00');
INSERT INTO install_orders (af_install_time_d, af_country_code, uid, af_device_id, primaryorderid_fill, ordertype, orderdate) VALUES ('2025-01-01 00:00:00', 'br', '_tibr1jlq84wr36v1', '36F18565-CC55-4B23-883C-812BB874C490', '1207301153859840', 'F', '2025-01-02 00:00:00');
INSERT INTO install_orders (af_install_time_d, af_country_code, uid, af_device_id, primaryorderid_fill, ordertype, orderdate) VALUES ('2025-01-01 00:00:00', 'br', '_tibr1jkoi620l7bv', 'A74DAF61-F945-4A40-832E-7941BC7025ED', '1207301063631910', 'H', '2025-01-01 00:00:00');
INSERT INTO install_orders (af_install_time_d, af_country_code, uid, af_device_id, primaryorderid_fill, ordertype, orderdate) VALUES ('2025-01-01 00:00:00', 'br', '_tibr1jlolye6o2er', '422C265BE9E50220', '1208400663468530', 'F', '2025-01-01 00:00:00');
INSERT INTO install_orders (af_install_time_d, af_country_code, uid, af_device_id, primaryorderid_fill, ordertype, orderdate) VALUES ('2025-01-01 00:00:00', 'br', '_tibr1kerumzqk5sx', '143EE7FDBD1C4EE2', '1207301601526810', 'F', '2025-01-19 00:00:00');
INSERT INTO install_orders (af_install_time_d, af_country_code, uid, af_device_id, primaryorderid_fill, ordertype, orderdate) VALUES ('2025-01-01 00:00:00', 'br', '_tibr1fog2oiqwtns', 'F6C9F058E0A2C408', NULL, NULL, NULL);
INSERT INTO install_orders (af_install_time_d, af_country_code, uid, af_device_id, primaryorderid_fill, ordertype, orderdate) VALUES ('2025-01-01 00:00:00', 'br', '_tibr1jhaa4ydx2k7', '5563DEA1-4B89-4189-A474-0CD2ABD06388', '1207301064352820', 'H', '2025-01-01 00:00:00');
INSERT INTO install_orders (af_install_time_d, af_country_code, uid, af_device_id, primaryorderid_fill, ordertype, orderdate) VALUES ('2025-01-01 00:00:00', 'br', '_tius1jkfpyvyq6b4', '65AA897D-7128-4985-9BCC-01EE3ACF4F34', '1658101200997580', 'F', '2025-01-14 00:00:00');
INSERT INTO install_orders (af_install_time_d, af_country_code, uid, af_device_id, primaryorderid_fill, ordertype, orderdate) VALUES ('2025-01-01 00:00:00', 'br', '_tibr1jlfpfq0cvm1', '94E3A678-3C9D-4E29-A5E8-61BC5CECE2A3', '1207301575432310', 'F', '2025-01-18 00:00:00');
INSERT INTO install_orders (af_install_time_d, af_country_code, uid, af_device_id, primaryorderid_fill, ordertype, orderdate) VALUES ('2025-01-01 00:00:00', 'br', '_tius1jkfpyvyq6b4', '65AA897D-7128-4985-9BCC-01EE3ACF4F34', '1658100823712950', 'H', '2025-01-01 00:00:00');
INSERT INTO install_orders (af_install_time_d, af_country_code, uid, af_device_id, primaryorderid_fill, ordertype, orderdate) VALUES ('2025-01-01 00:00:00', 'br', '_tibr1jkwqsqwuv0f', 'F09C4AF6-F446-4EDB-B807-561D174469A1', NULL, NULL, NULL);
INSERT INTO install_orders (af_install_time_d, af_country_code, uid, af_device_id, primaryorderid_fill, ordertype, orderdate) VALUES ('2025-01-01 00:00:00', 'br', '_tibr1jlpyolytqbb', 'A9F4A2D0B9594BD0', NULL, NULL, NULL);


CREATE TABLE signups (
    uid TEXT,
    signup_date TEXT
);

INSERT INTO signups (uid, signup_date) VALUES ('_tibr19ux2x4p6jcr', '2024-06-19 00:00:00');
INSERT INTO signups (uid, signup_date) VALUES ('_tsca7dt19rhqywb', '2022-05-04 00:00:00');
INSERT INTO signups (uid, signup_date) VALUES ('_tius1jkfpyvyq6b4', '2025-01-01 00:00:00');
INSERT INTO signups (uid, signup_date) VALUES ('d3189973130', '2019-04-13 00:00:00');
INSERT INTO signups (uid, signup_date) VALUES ('_tiph150oo1i4lma9', '2024-03-13 00:00:00');
INSERT INTO signups (uid, signup_date) VALUES ('_tibr1kerumzqk5sx', '2025-01-18 00:00:00');
INSERT INTO signups (uid, signup_date) VALUES ('_tibr1jlq84wr36v1', '2025-01-01 00:00:00');
INSERT INTO signups (uid, signup_date) VALUES ('_tibr1jlfpfq0cvm1', '2025-01-01 00:00:00');
INSERT INTO signups (uid, signup_date) VALUES ('_tibr1jkoi620l7bv', '2025-01-01 00:00:00');
INSERT INTO signups (uid, signup_date) VALUES ('_tibr1jkj7it4uy2z', '2025-01-01 00:00:00');
INSERT INTO signups (uid, signup_date) VALUES ('_tibr1jlq5p8wmqnv', '2025-01-01 00:00:00');
INSERT INTO signups (uid, signup_date) VALUES ('_tibr1jlg6o81tue4', '2025-01-01 00:00:00');
INSERT INTO signups (uid, signup_date) VALUES ('_tibr1jkirvqccsoz', '2025-01-01 00:00:00');
INSERT INTO signups (uid, signup_date) VALUES ('_tibr1jkwqsqwuv0f', '2025-01-01 00:00:00');
INSERT INTO signups (uid, signup_date) VALUES ('_tibr1jlj12t7gcxk', '2025-01-01 00:00:00');
INSERT INTO signups (uid, signup_date) VALUES ('_tibr1jk3oi5pckmk', '2025-01-01 00:00:00');
INSERT INTO signups (uid, signup_date) VALUES ('_tibr1jk75q2mb90p', '2025-01-01 00:00:00');
INSERT INTO signups (uid, signup_date) VALUES ('_tibr1jhaa4ydx2k7', '2024-12-30 00:00:00');
INSERT INTO signups (uid, signup_date) VALUES ('_tibr1jlpyolytqbb', '2025-01-01 00:00:00');
INSERT INTO signups (uid, signup_date) VALUES ('_tibr1jjzpbte3rjr', '2025-01-01 00:00:00');
INSERT INTO signups (uid, signup_date) VALUES ('_tibr1jk84zcc5dlq', '2025-01-01 00:00:00');
INSERT INTO signups (uid, signup_date) VALUES ('_tibr1jlolye6o2er', '2025-01-01 00:00:00');
INSERT INTO signups (uid, signup_date) VALUES ('_tibr1jkfofif04yj', '2025-01-01 00:00:00');
INSERT INTO signups (uid, signup_date) VALUES ('_tibr1jlnudemsai6', '2025-01-01 00:00:00');
INSERT INTO signups (uid, signup_date) VALUES ('_tibr1fog2oiqwtns', '2024-10-14 00:00:00');


CREATE TABLE visits (
    visit_date TEXT,
    uid TEXT,
    deviceid TEXT,
    page_product_type TEXT,
    uv TEXT,
    sessions TEXT
);

INSERT INTO visits (visit_date, uid, deviceid, page_product_type, uv, sessions) VALUES ('2025-01-12 00:00:00', '_tibr1jlq84wr36v1', '36F18565-CC55-4B23-883C-812BB874C490', 'PUBLIC', '1', '1');
INSERT INTO visits (visit_date, uid, deviceid, page_product_type, uv, sessions) VALUES ('2025-01-03 00:00:00', '_tibr1jlq84wr36v1', '36F18565-CC55-4B23-883C-812BB874C490', 'PUBLIC', '1', '1');
INSERT INTO visits (visit_date, uid, deviceid, page_product_type, uv, sessions) VALUES ('2025-01-05 00:00:00', '_tibr1jlfpfq0cvm1', '94E3A678-3C9D-4E29-A5E8-61BC5CECE2A3', 'PUBLIC', '1', '1');
INSERT INTO visits (visit_date, uid, deviceid, page_product_type, uv, sessions) VALUES ('2025-01-02 00:00:00', '_tsca7dt19rhqywb', '56F39406-6DA6-45EB-9EFA-11ECBDCB7DD8', 'PUBLIC', '1', '1');
INSERT INTO visits (visit_date, uid, deviceid, page_product_type, uv, sessions) VALUES ('2025-01-15 00:00:00', '_tius1jkfpyvyq6b4', '65AA897D-7128-4985-9BCC-01EE3ACF4F34', 'PUBLIC', '1', '2');
INSERT INTO visits (visit_date, uid, deviceid, page_product_type, uv, sessions) VALUES ('2025-01-06 00:00:00', '_tibr1jkwqsqwuv0f', 'F09C4AF6-F446-4EDB-B807-561D174469A1', 'PUBLIC', '1', '1');
INSERT INTO visits (visit_date, uid, deviceid, page_product_type, uv, sessions) VALUES ('2025-01-02 00:00:00', '_tibr1jkwqsqwuv0f', 'F09C4AF6-F446-4EDB-B807-561D174469A1', 'PUBLIC', '1', '1');
INSERT INTO visits (visit_date, uid, deviceid, page_product_type, uv, sessions) VALUES ('2025-01-02 00:00:00', '_tibr1jlfpfq0cvm1', '94E3A678-3C9D-4E29-A5E8-61BC5CECE2A3', 'H', '1', '1');
INSERT INTO visits (visit_date, uid, deviceid, page_product_type, uv, sessions) VALUES ('2025-01-01 00:00:00', '_tibr1jjzpbte3rjr', 'E642DE21-5DB8-404B-89F6-97779B8973DD', 'H', '1', '2');
INSERT INTO visits (visit_date, uid, deviceid, page_product_type, uv, sessions) VALUES ('2025-01-07 00:00:00', '_tibr1jlq84wr36v1', '36F18565-CC55-4B23-883C-812BB874C490', 'F', '1', '1');
INSERT INTO visits (visit_date, uid, deviceid, page_product_type, uv, sessions) VALUES ('2025-01-07 00:00:00', '_tibr1jlq84wr36v1', '36F18565-CC55-4B23-883C-812BB874C490', 'PUBLIC', '1', '1');
INSERT INTO visits (visit_date, uid, deviceid, page_product_type, uv, sessions) VALUES ('2025-01-01 00:00:00', '_tibr1jkoi620l7bv', 'A74DAF61-F945-4A40-832E-7941BC7025ED', 'PUBLIC', '1', '1');
INSERT INTO visits (visit_date, uid, deviceid, page_product_type, uv, sessions) VALUES ('2025-01-03 00:00:00', '_tibr1jk3oi5pckmk', '41E9A148-E458-4C29-8744-10D6D6444292', 'PUBLIC', '1', '1');
INSERT INTO visits (visit_date, uid, deviceid, page_product_type, uv, sessions) VALUES ('2025-01-01 00:00:00', '_tibr1jlfpfq0cvm1', '94E3A678-3C9D-4E29-A5E8-61BC5CECE2A3', 'PUBLIC', '1', '2');
INSERT INTO visits (visit_date, uid, deviceid, page_product_type, uv, sessions) VALUES ('2025-01-14 00:00:00', '_tibr1jlj12t7gcxk', 'AB7F4F12-179D-4EC7-B992-1DF261AFD4F0', 'H', '1', '1');
INSERT INTO visits (visit_date, uid, deviceid, page_product_type, uv, sessions) VALUES ('2025-01-01 00:00:00', '_tibr1jkwqsqwuv0f', 'F09C4AF6-F446-4EDB-B807-561D174469A1', 'PUBLIC', '1', '1');
INSERT INTO visits (visit_date, uid, deviceid, page_product_type, uv, sessions) VALUES ('2025-01-01 00:00:00', '_tibr1jk3oi5pckmk', '41E9A148-E458-4C29-8744-10D6D6444292', 'PUBLIC', '1', '2');
INSERT INTO visits (visit_date, uid, deviceid, page_product_type, uv, sessions) VALUES ('2025-01-02 00:00:00', '_tibr1jlfpfq0cvm1', '94E3A678-3C9D-4E29-A5E8-61BC5CECE2A3', 'PUBLIC', '1', '2');
INSERT INTO visits (visit_date, uid, deviceid, page_product_type, uv, sessions) VALUES ('2025-01-09 00:00:00', '_tibr1jkwqsqwuv0f', 'F09C4AF6-F446-4EDB-B807-561D174469A1', 'F', '1', '1');
INSERT INTO visits (visit_date, uid, deviceid, page_product_type, uv, sessions) VALUES ('2025-01-01 00:00:00', '_tibr1jlfpfq0cvm1', '94E3A678-3C9D-4E29-A5E8-61BC5CECE2A3', 'H', '1', '1');
INSERT INTO visits (visit_date, uid, deviceid, page_product_type, uv, sessions) VALUES ('2025-01-01 00:00:00', '_tibr1jlj12t7gcxk', 'AB7F4F12-179D-4EC7-B992-1DF261AFD4F0', 'PUBLIC', '1', '1');
INSERT INTO visits (visit_date, uid, deviceid, page_product_type, uv, sessions) VALUES ('2025-01-01 00:00:00', '_tibr1jk3oi5pckmk', '41E9A148-E458-4C29-8744-10D6D6444292', 'F', '1', '2');
INSERT INTO visits (visit_date, uid, deviceid, page_product_type, uv, sessions) VALUES ('2025-01-01 00:00:00', '_tius1jkfpyvyq6b4', '65AA897D-7128-4985-9BCC-01EE3ACF4F34', 'H', '1', '1');
INSERT INTO visits (visit_date, uid, deviceid, page_product_type, uv, sessions) VALUES ('2025-01-01 00:00:00', '_tibr1jkwqsqwuv0f', 'F09C4AF6-F446-4EDB-B807-561D174469A1', 'F', '1', '1');
INSERT INTO visits (visit_date, uid, deviceid, page_product_type, uv, sessions) VALUES ('2025-01-08 00:00:00', '_tibr1jlj12t7gcxk', 'AB7F4F12-179D-4EC7-B992-1DF261AFD4F0', 'H', '1', '1');
INSERT INTO visits (visit_date, uid, deviceid, page_product_type, uv, sessions) VALUES ('2025-01-06 00:00:00', '_tsca7dt19rhqywb', '56F39406-6DA6-45EB-9EFA-11ECBDCB7DD8', 'PUBLIC', '1', '3');
INSERT INTO visits (visit_date, uid, deviceid, page_product_type, uv, sessions) VALUES ('2025-01-02 00:00:00', '_tsca7dt19rhqywb', '56F39406-6DA6-45EB-9EFA-11ECBDCB7DD8', 'F', '1', '1');
INSERT INTO visits (visit_date, uid, deviceid, page_product_type, uv, sessions) VALUES ('2025-01-03 00:00:00', '_tibr1jlq84wr36v1', '36F18565-CC55-4B23-883C-812BB874C490', 'H', '1', '1');
INSERT INTO visits (visit_date, uid, deviceid, page_product_type, uv, sessions) VALUES ('2025-01-02 00:00:00', '_tibr1jlfpfq0cvm1', '94E3A678-3C9D-4E29-A5E8-61BC5CECE2A3', 'F', '1', '2');
INSERT INTO visits (visit_date, uid, deviceid, page_product_type, uv, sessions) VALUES ('2025-01-02 00:00:00', '_tibr1jkwqsqwuv0f', 'F09C4AF6-F446-4EDB-B807-561D174469A1', 'F', '1', '2');
INSERT INTO visits (visit_date, uid, deviceid, page_product_type, uv, sessions) VALUES ('2025-01-01 00:00:00', '_tsca7dt19rhqywb', '56F39406-6DA6-45EB-9EFA-11ECBDCB7DD8', 'F', '1', '1');
INSERT INTO visits (visit_date, uid, deviceid, page_product_type, uv, sessions) VALUES ('2025-01-01 00:00:00', '_tibr1jlj12t7gcxk', 'AB7F4F12-179D-4EC7-B992-1DF261AFD4F0', 'H', '1', '1');
INSERT INTO visits (visit_date, uid, deviceid, page_product_type, uv, sessions) VALUES ('2025-01-06 00:00:00', '_tsca7dt19rhqywb', '56F39406-6DA6-45EB-9EFA-11ECBDCB7DD8', 'F', '1', '1');
INSERT INTO visits (visit_date, uid, deviceid, page_product_type, uv, sessions) VALUES ('2025-01-05 00:00:00', '_tsca7dt19rhqywb', '56F39406-6DA6-45EB-9EFA-11ECBDCB7DD8', 'F', '1', '2');
INSERT INTO visits (visit_date, uid, deviceid, page_product_type, uv, sessions) VALUES ('2025-01-14 00:00:00', '_tibr1jlj12t7gcxk', 'AB7F4F12-179D-4EC7-B992-1DF261AFD4F0', 'PUBLIC', '1', '1');
INSERT INTO visits (visit_date, uid, deviceid, page_product_type, uv, sessions) VALUES ('2025-01-01 00:00:00', '_tibr1jjzpbte3rjr', 'E642DE21-5DB8-404B-89F6-97779B8973DD', 'PUBLIC', '1', '2');
INSERT INTO visits (visit_date, uid, deviceid, page_product_type, uv, sessions) VALUES ('2025-01-01 00:00:00', '_tius1jkfpyvyq6b4', '65AA897D-7128-4985-9BCC-01EE3ACF4F34', 'PUBLIC', '1', '1');
INSERT INTO visits (visit_date, uid, deviceid, page_product_type, uv, sessions) VALUES ('2025-01-01 00:00:00', '_tibr1jkfofif04yj', 'D954EE97-9DF2-4D99-B46D-C8FDC86D4311', 'H', '1', '1');
INSERT INTO visits (visit_date, uid, deviceid, page_product_type, uv, sessions) VALUES ('2025-01-05 00:00:00', '_tsca7dt19rhqywb', '56F39406-6DA6-45EB-9EFA-11ECBDCB7DD8', 'PUBLIC', '1', '2');
INSERT INTO visits (visit_date, uid, deviceid, page_product_type, uv, sessions) VALUES ('2025-01-09 00:00:00', '_tibr1jkwqsqwuv0f', 'F09C4AF6-F446-4EDB-B807-561D174469A1', 'PUBLIC', '1', '1');
INSERT INTO visits (visit_date, uid, deviceid, page_product_type, uv, sessions) VALUES ('2025-01-05 00:00:00', '_tibr1jkoi620l7bv', 'A74DAF61-F945-4A40-832E-7941BC7025ED', 'PUBLIC', '1', '2');
INSERT INTO visits (visit_date, uid, deviceid, page_product_type, uv, sessions) VALUES ('2025-01-01 00:00:00', '_tibr1jhaa4ydx2k7', '5563DEA1-4B89-4189-A474-0CD2ABD06388', 'PUBLIC', '1', '2');
INSERT INTO visits (visit_date, uid, deviceid, page_product_type, uv, sessions) VALUES ('2025-01-08 00:00:00', '_tibr1jlj12t7gcxk', 'AB7F4F12-179D-4EC7-B992-1DF261AFD4F0', 'PUBLIC', '1', '1');
INSERT INTO visits (visit_date, uid, deviceid, page_product_type, uv, sessions) VALUES ('2025-01-01 00:00:00', '_tibr1jkfofif04yj', 'D954EE97-9DF2-4D99-B46D-C8FDC86D4311', 'PUBLIC', '1', '1');
INSERT INTO visits (visit_date, uid, deviceid, page_product_type, uv, sessions) VALUES ('2025-01-01 00:00:00', '_tibr1jlfpfq0cvm1', '94E3A678-3C9D-4E29-A5E8-61BC5CECE2A3', 'F', '1', '2');
INSERT INTO visits (visit_date, uid, deviceid, page_product_type, uv, sessions) VALUES ('2025-01-15 00:00:00', '_tius1jkfpyvyq6b4', '65AA897D-7128-4985-9BCC-01EE3ACF4F34', 'F', '1', '2');
INSERT INTO visits (visit_date, uid, deviceid, page_product_type, uv, sessions) VALUES ('2025-01-14 00:00:00', '_tius1jkfpyvyq6b4', '65AA897D-7128-4985-9BCC-01EE3ACF4F34', 'F', '1', '3');
INSERT INTO visits (visit_date, uid, deviceid, page_product_type, uv, sessions) VALUES ('2025-01-05 00:00:00', '_tibr1jkoi620l7bv', 'A74DAF61-F945-4A40-832E-7941BC7025ED', 'F', '1', '2');
INSERT INTO visits (visit_date, uid, deviceid, page_product_type, uv, sessions) VALUES ('2025-01-01 00:00:00', '_tibr1jlq84wr36v1', '36F18565-CC55-4B23-883C-812BB874C490', 'PUBLIC', '1', '1');
INSERT INTO visits (visit_date, uid, deviceid, page_product_type, uv, sessions) VALUES ('2025-01-01 00:00:00', '_tibr1jhaa4ydx2k7', '5563DEA1-4B89-4189-A474-0CD2ABD06388', 'H', '1', '2');
INSERT INTO visits (visit_date, uid, deviceid, page_product_type, uv, sessions) VALUES ('2025-01-04 00:00:00', '_tibr1jlq84wr36v1', '36F18565-CC55-4B23-883C-812BB874C490', 'PUBLIC', '1', '1');
INSERT INTO visits (visit_date, uid, deviceid, page_product_type, uv, sessions) VALUES ('2025-01-01 00:00:00', '_tsca7dt19rhqywb', '56F39406-6DA6-45EB-9EFA-11ECBDCB7DD8', 'PUBLIC', '1', '1');
INSERT INTO visits (visit_date, uid, deviceid, page_product_type, uv, sessions) VALUES ('2025-01-02 00:00:00', '_tibr1jlq84wr36v1', '36F18565-CC55-4B23-883C-812BB874C490', 'H', '1', '1');
INSERT INTO visits (visit_date, uid, deviceid, page_product_type, uv, sessions) VALUES ('2025-01-05 00:00:00', '_tibr1jlfpfq0cvm1', '94E3A678-3C9D-4E29-A5E8-61BC5CECE2A3', 'F', '1', '1');
INSERT INTO visits (visit_date, uid, deviceid, page_product_type, uv, sessions) VALUES ('2025-01-01 00:00:00', '_tibr1jkoi620l7bv', 'A74DAF61-F945-4A40-832E-7941BC7025ED', 'H', '1', '1');
INSERT INTO visits (visit_date, uid, deviceid, page_product_type, uv, sessions) VALUES ('2025-01-14 00:00:00', '_tius1jkfpyvyq6b4', '65AA897D-7128-4985-9BCC-01EE3ACF4F34', 'PUBLIC', '1', '3');
INSERT INTO visits (visit_date, uid, deviceid, page_product_type, uv, sessions) VALUES ('2025-01-08 00:00:00', '_tius1jkfpyvyq6b4', '65AA897D-7128-4985-9BCC-01EE3ACF4F34', 'PUBLIC', '1', '1');
INSERT INTO visits (visit_date, uid, deviceid, page_product_type, uv, sessions) VALUES ('2025-01-07 00:00:00', '_tibr1jlfpfq0cvm1', '94E3A678-3C9D-4E29-A5E8-61BC5CECE2A3', 'PUBLIC', '1', '2');
INSERT INTO visits (visit_date, uid, deviceid, page_product_type, uv, sessions) VALUES ('2025-01-03 00:00:00', '_tibr1jk3oi5pckmk', '41E9A148-E458-4C29-8744-10D6D6444292', 'F', '1', '1');
INSERT INTO visits (visit_date, uid, deviceid, page_product_type, uv, sessions) VALUES ('2025-01-12 00:00:00', '_tibr1jlq84wr36v1', '36F18565-CC55-4B23-883C-812BB874C490', 'T', '1', '1');
INSERT INTO visits (visit_date, uid, deviceid, page_product_type, uv, sessions) VALUES ('2025-01-01 00:00:00', '_tibr1jlq84wr36v1', '36F18565-CC55-4B23-883C-812BB874C490', 'F', '1', '1');
INSERT INTO visits (visit_date, uid, deviceid, page_product_type, uv, sessions) VALUES ('2025-01-02 00:00:00', '_tibr1jlq84wr36v1', '36F18565-CC55-4B23-883C-812BB874C490', 'PUBLIC', '1', '1');
INSERT INTO visits (visit_date, uid, deviceid, page_product_type, uv, sessions) VALUES ('2025-01-02 00:00:00', '_tibr1jlq84wr36v1', '36F18565-CC55-4B23-883C-812BB874C490', 'F', '1', '1');
INSERT INTO visits (visit_date, uid, deviceid, page_product_type, uv, sessions) VALUES ('2025-01-06 00:00:00', '_tibr1jkwqsqwuv0f', 'F09C4AF6-F446-4EDB-B807-561D174469A1', 'F', '1', '1');
INSERT INTO visits (visit_date, uid, deviceid, page_product_type, uv, sessions) VALUES ('2025-01-08 00:00:00', '_tius1jkfpyvyq6b4', '65AA897D-7128-4985-9BCC-01EE3ACF4F34', 'H', '1', '1');
INSERT INTO visits (visit_date, uid, deviceid, page_product_type, uv, sessions) VALUES ('2025-01-13 00:00:00', '_tsca7dt19rhqywb', '56F39406-6DA6-45EB-9EFA-11ECBDCB7DD8', 'PUBLIC', '1', '1');
INSERT INTO visits (visit_date, uid, deviceid, page_product_type, uv, sessions) VALUES ('2025-01-03 00:00:00', '_tsca7dt19rhqywb', '56F39406-6DA6-45EB-9EFA-11ECBDCB7DD8', 'PUBLIC', '1', '2');

WITH app_installs AS (
    SELECT DISTINCT uid, MIN(af_install_time_d) AS install_date
    FROM install_orders
    WHERE af_device_id IS NOT NULL
    GROUP BY uid
),

signup_after_install AS (
    SELECT ai.uid, ai.install_date, us.signup_date
    FROM app_installs ai
    JOIN signups us ON ai.uid = us.uid
    WHERE DATE(us.signup_date) >= DATE(ai.install_date)
),

flight_orders_within_7days AS (
    SELECT DISTINCT sai.uid
    FROM signup_after_install sai
    JOIN install_orders io ON sai.uid = io.uid
    WHERE io.primaryorderid_fill IS NOT NULL
      AND io.ordertype = 'F'                      -- Only flight orders
      AND DATEDIFF(io.orderdate, sai.signup_date) BETWEEN 0 AND 7  -- Within 7 days of signup
)

SELECT 
    (SELECT COUNT(DISTINCT uid) FROM signup_after_install) AS total_new_users,
    (SELECT COUNT(DISTINCT uid) FROM flight_orders_within_7days) AS converting_users,
    ROUND(
        (SELECT COUNT(DISTINCT uid) FROM flight_orders_within_7days) * 100.0 / 
        (SELECT COUNT(DISTINCT uid) FROM signup_after_install),
        2
    ) AS conversion_rate;
